date,utm_source,username,video_generate_name
2025-10-09,default,@ZonaV_Official,Alex
2025-10-09,test_utm,@zonav_dev,Test
2025-10-09,test_utm,@rickgarth,лоти
2025-10-09,test_utm,@meta_surfer,Дима
2025-10-10,default,@aiviral_manager,Василий
2025-10-10,youtube,@rickgarth,Хуй
2025-10-10,default,@VodaIzRechki,Вадим
2025-10-10,youtube,id:6917050008,Настя
2025-10-10,default,id:7353853644,Настя
2025-10-10,default,id:7917938336,Медина
2025-10-10,youtube,id:8137599220,Шерхан
2025-10-11,youtube,@Maria_13kart_13,Клео)
2025-10-11,default,@animeboy000,Animeboy
2025-10-11,default,@qwerxtza,Лаура
2025-10-11,default,@Akrampapa,Айназик
2025-10-11,youtube,id:7024254272,Алина
2025-10-11,default,@cobkZ,че за фигня
2025-10-12,default,id:7342420276,"Имя ""Салей"""
2025-10-12,default,@chainik226,Аида
2025-10-12,youtube,id:5192638313,Можна Самат ждала автобус на Ютубе
2025-10-12,default,@Nazilya1,Назиля
2025-10-12,youtube,@Madinadak,Мадина
2025-10-12,default,@Liankok,Ернар
2025-10-13,default,@egor4ek,Егор
2025-10-13,default,@Solocoso,Дима
2025-10-13,default,@MAFHHHX6QVMRPROMO,Борис
2025-10-13,default,id:8326717427,Неонилла
2025-10-13,youtube,@a777aha,Малик
2025-10-13,youtube,@Fanatpicofnf,Даниил
2025-10-13,youtube,id:7091476919,Мое имя боровской Данил создай видео со звуком бабушек где они меня хвалят
2025-10-14,youtube,@ShaxbozShaxzodaNurmuxammad,Привет
2025-10-14,default,@Raianagoii1,Райлана
2025-10-14,default,@dmprostoi,Иполинорискаиснерутиснекитеусашеваборщеслав
2025-10-14,default,@damilixi,Адиль и Дамели
2025-10-15,youtube,@meta_surfer,Варфоломей
2025-10-15,default,id:8074517523,Элина
2025-10-16,youtube,@PixelCoderGM1,Лиза
2025-10-16,youtube,@Xany_hay,Ханзада
2025-10-16,default,@love_yousenyks,Александра
2025-10-17,default,@h47zx,Артём
2025-10-17,youtube,@HY_MILAHA,София-дура
2025-10-19,default,id:7389008139,Маргарита
2025-10-20,youtube,id:8413932962,Кирилл
2025-10-20,default,@alexey_kovilskiy,Лёха
2025-10-30,default,@mueyeu,Григорий
2025-10-30,default,@rahmin44,рахмин
2025-10-31,youtube,@IlyaTili7,Данил